full_name,email,password_hash,role,graduation_year,branch,current_company,current_role,location,skills,domains,is_mentor,mentor_bio,mentor_rate,hourly_rate,package_lpa,cgpa,linkedin_url,bio,contribution_score,is_verified,city
Rahul Yadav,rahulyadav19@gmail.com,SEED_PASSWORD_Alumni@123,alumni,2019,EEE,Paytm,Software Engineer,Bhopal,"[""MATLAB"", ""PLC/SCADA"", ""AutoCAD Electrical"", ""ETAP""]","[""Power Systems""]",False,,,0,16.3,7.2,https://linkedin.com/in/rahul-yadav-325,"5+ years in Power Systems at Paytm. EEE graduate, Class of 2019.",229,True,Bhopal
Priya Patel,priyapatel21@gmail.com,SEED_PASSWORD_Alumni@123,alumni,2021,AIDS,Swiggy,Strategy Analyst,Mumbai,"[""Excel"", ""SQL"", ""Statistics""]","[""Business Analytics""]",True,From a Tier-2 college to Swiggy — the journey wasn't easy but it was worth it. I share everything I learned along the way.,free,299,7.7,9.2,https://linkedin.com/in/priya-patel-180,"3+ years in Business Analytics at Swiggy. AIDS graduate, Class of 2021.",282,True,Mumbai
Ridhi Sinha,ridhisinha19@gmail.com,SEED_PASSWORD_Alumni@123,alumni,2019,Cyber Security,L&T,Software Engineer,Pune,"[""Kali Linux"", ""Metasploit"", ""Python"", ""Nmap"", ""Burp Suite""]","[""Ethical Hacking""]",False,,,0,9.4,7.7,https://linkedin.com/in/ridhi-sinha-786,"5+ years in Ethical Hacking at L&T. Cyber Security graduate, Class of 2019.",136,True,Pune
Vivek Patel,vivekpatel19@gmail.com,SEED_PASSWORD_Alumni@123,alumni,2019,DS,PhonePe,Research Scientist,Mumbai,"[""SQL"", ""Python"", ""Scikit-learn"", ""Tableau""]","[""Data Science""]",True,Working at PhonePe for 5 years now. I remember how confusing placement season was — I'm here to make it less confusing for you.,free,299,20.1,6.7,https://linkedin.com/in/vivek-patel-505,"5+ years in Data Science at PhonePe. DS graduate, Class of 2019.",452,True,Mumbai
Pooja Yadav,poojayadav19@gmail.com,SEED_PASSWORD_Alumni@123,alumni,2019,ECE,Postman,Software Engineer,Bangalore,"[""FPGA"", ""LabVIEW"", ""Python"", ""MATLAB"", ""DSP""]","[""Signal Processing""]",True,"Been through the grind from campus to Postman. Now I want to give back. Let's talk Signal Processing, career transitions, and how to stand out in a crowded job market.",paid,299,7.6,9.3,https://linkedin.com/in/pooja-yadav-710,"5+ years in Signal Processing at Postman. ECE graduate, Class of 2019.",32,True,Bangalore
Ayesha Bansal,ayeshabansal20@gmail.com,SEED_PASSWORD_Alumni@123,alumni,2020,AIML,ONGC,AI Researcher,Noida,"[""LangChain"", ""NLP"", ""MLflow""]","[""AI/ML""]",True,Working at ONGC for 4 years now. I remember how confusing placement season was — I'm here to make it less confusing for you.,paid,0,9.1,7.0,https://linkedin.com/in/ayesha-bansal-619,"4+ years in AI/ML at ONGC. AIML graduate, Class of 2020.",467,True,Noida
Aditya Tripathi,adityatripathi19@gmail.com,SEED_PASSWORD_Alumni@123,alumni,2019,Cyber Security,Zomato,SOC Analyst,Indore,"[""Metasploit"", ""Penetration Testing"", ""SOC"", ""Wireshark"", ""SIEM""]","[""Cybersecurity""]",True,"I mentor because the right conversation at the right time changes everything. Currently at Zomato, specialising in Cybersecurity.",free,499,18.7,9.6,https://linkedin.com/in/aditya-tripathi-884,"5+ years in Cybersecurity at Zomato. Cyber Security graduate, Class of 2019.",64,True,Indore
Ankit Shukla,ankitshukla20@gmail.com,SEED_PASSWORD_Alumni@123,alumni,2020,ECE,Siemens,RTL Engineer,Bhopal,"[""STA"", ""Cadence"", ""Synopsys"", ""FPGA""]","[""VLSI""]",False,,,0,14.6,8.0,https://linkedin.com/in/ankit-shukla-330,"4+ years in VLSI at Siemens. ECE graduate, Class of 2020.",32,True,Bhopal
Priya Chauhan,priyachauhan19@gmail.com,SEED_PASSWORD_Alumni@123,alumni,2019,DS,TCS,ETL Developer,Chennai,"[""Kafka"", ""Apache Spark"", ""BigQuery""]","[""Data Engineering""]",True,"Been through the grind from campus to TCS. Now I want to give back. Let's talk Data Engineering, career transitions, and how to stand out in a crowded job market.",paid,0,7.1,7.4,https://linkedin.com/in/priya-chauhan-840,"5+ years in Data Engineering at TCS. DS graduate, Class of 2019.",478,True,Chennai
Kavya Saxena,kavyasaxena19@gmail.com,SEED_PASSWORD_Alumni@123,alumni,2019,AIDS,Oracle,Product Analyst,Kochi,"[""SQL"", ""Statistics"", ""Excel"", ""Tableau"", ""Python"", ""Power BI""]","[""Business Analytics""]",True,"Been through the grind from campus to Oracle. Now I want to give back. Let's talk Business Analytics, career transitions, and how to stand out in a crowded job market.",paid,299,21.8,6.9,https://linkedin.com/in/kavya-saxena-243,"5+ years in Business Analytics at Oracle. AIDS graduate, Class of 2019.",216,True,Kochi
Nikhil Malhotra,nikhilmalhotra17@gmail.com,SEED_PASSWORD_Alumni@123,alumni,2017,EEE,Schneider Electric,Software Engineer,Chennai,"[""MATLAB"", ""PLC/SCADA"", ""AutoCAD Electrical""]","[""Power Systems""]",False,,,0,4.6,9.4,https://linkedin.com/in/nikhil-malhotra-268,"7+ years in Power Systems at Schneider Electric. EEE graduate, Class of 2017.",194,True,Chennai
Harsh Yadav,harshyadav20@gmail.com,SEED_PASSWORD_Alumni@123,alumni,2020,AIML,LTIMindtree,Software Engineer,Kolkata,"[""Python"", ""Java""]","[""Robotics""]",True,Passionate about helping students navigate their early careers. 4+ years at LTIMindtree. Happy to guide on Robotics and interview prep.,free,499,6.1,8.3,https://linkedin.com/in/harsh-yadav-588,"4+ years in Robotics at LTIMindtree. AIML graduate, Class of 2020.",257,True,Kolkata
Amit Tripathi,amittripathi18@gmail.com,SEED_PASSWORD_Alumni@123,alumni,2018,IT,Microsoft,Software Engineer,Bhopal,"[""AWS"", ""Serverless"", ""Azure"", ""Kubernetes"", ""GCP"", ""Terraform""]","[""Cloud Computing""]",False,,,0,35.5,7.5,https://linkedin.com/in/amit-tripathi-309,"6+ years in Cloud Computing at Microsoft. IT graduate, Class of 2018.",342,True,Bhopal
Kavya Yadav,kavyayadav18@gmail.com,SEED_PASSWORD_Alumni@123,alumni,2018,AIDS,Tech Mahindra,Software Engineer,Mumbai,"[""Python"", ""LLMs"", ""NLTK"", ""spaCy"", ""Transformers""]","[""NLP""]",True,Passionate about helping students navigate their early careers. 6+ years at Tech Mahindra. Happy to guide on NLP and interview prep.,free,199,4.4,6.9,https://linkedin.com/in/kavya-yadav-391,"6+ years in NLP at Tech Mahindra. AIDS graduate, Class of 2018.",80,True,Mumbai
Shalini Tiwari,shalinitiwari16@gmail.com,SEED_PASSWORD_Alumni@123,alumni,2016,Cyber Security,Schneider Electric,Software Engineer,Pune,"[""Firewalls"", ""VPN"", ""Cisco""]","[""Network Security""]",False,,,0,7.8,7.4,https://linkedin.com/in/shalini-tiwari-834,"8+ years in Network Security at Schneider Electric. Cyber Security graduate, Class of 2016.",175,True,Pune
Nikhil Tripathi,nikhiltripathi20@gmail.com,SEED_PASSWORD_Alumni@123,alumni,2020,AIML,Axis Bank,AI Researcher,Ahmedabad,"[""MLflow"", ""NLP"", ""Python""]","[""AI/ML""]",False,,,0,4.6,9.7,https://linkedin.com/in/nikhil-tripathi-859,"4+ years in AI/ML at Axis Bank. AIML graduate, Class of 2020.",226,True,Ahmedabad
Shalini Sharma,shalinisharma17@gmail.com,SEED_PASSWORD_Alumni@123,alumni,2017,IT,HDFC Bank,Software Engineer,Bangalore,"[""Kubernetes"", ""GCP"", ""Serverless""]","[""Cloud Computing""]",False,,,0,6.7,7.5,https://linkedin.com/in/shalini-sharma-466,"7+ years in Cloud Computing at HDFC Bank. IT graduate, Class of 2017.",107,True,Bangalore
Vikram Sinha,vikramsinha22@gmail.com,SEED_PASSWORD_Alumni@123,alumni,2022,DS,NIC,Data Engineer,Delhi,"[""Python"", ""Kafka"", ""BigQuery"", ""dbt""]","[""Data Engineering""]",False,,,0,5.5,9.1,https://linkedin.com/in/vikram-sinha-521,"2+ years in Data Engineering at NIC. DS graduate, Class of 2022.",410,True,Delhi
Nikhil Patel,nikhilpatel22@gmail.com,SEED_PASSWORD_Alumni@123,alumni,2022,IT,Chargebee,Software Engineer,Chennai,"[""Kubernetes"", ""Terraform"", ""GCP"", ""Serverless""]","[""Cloud Computing""]",False,,,0,11.8,6.6,https://linkedin.com/in/nikhil-patel-297,"2+ years in Cloud Computing at Chargebee. IT graduate, Class of 2022.",204,True,Chennai
Ritu Singh,ritusingh21@gmail.com,SEED_PASSWORD_Alumni@123,alumni,2021,ME,Siemens,Software Engineer,Mumbai,"[""Python"", ""Java""]","[""Robotics""]",False,,,0,11.5,6.6,https://linkedin.com/in/ritu-singh-453,"3+ years in Robotics at Siemens. ME graduate, Class of 2021.",373,True,Mumbai
Neha Bansal,nehabansal17@gmail.com,SEED_PASSWORD_Alumni@123,alumni,2017,DS,Mphasis,Analytics Engineer,Kolkata,"[""Apache Spark"", ""BigQuery"", ""dbt"", ""Python"", ""Airflow""]","[""Data Engineering""]",False,,,0,8.8,9.6,https://linkedin.com/in/neha-bansal-472,"7+ years in Data Engineering at Mphasis. DS graduate, Class of 2017.",220,True,Kolkata
Prateek Bansal,prateekbansal17@gmail.com,SEED_PASSWORD_Alumni@123,alumni,2017,CE,Juspay,Software Engineer,Pune,"[""Java"", ""Python""]","[""Urban Planning""]",True,"Been through the grind from campus to Juspay. Now I want to give back. Let's talk Urban Planning, career transitions, and how to stand out in a crowded job market.",paid,499,5.9,7.1,https://linkedin.com/in/prateek-bansal-408,"7+ years in Urban Planning at Juspay. CE graduate, Class of 2017.",207,True,Pune
Aditya Tiwari,adityatiwari22@gmail.com,SEED_PASSWORD_Alumni@123,alumni,2022,EEE,BrowserStack,Software Engineer,Jaipur,"[""Java"", ""Python""]","[""Renewable Energy""]",False,,,0,42.5,9.5,https://linkedin.com/in/aditya-tiwari-915,"2+ years in Renewable Energy at BrowserStack. EEE graduate, Class of 2022.",376,True,Jaipur
Rohan Tiwari,rohantiwari21@gmail.com,SEED_PASSWORD_Alumni@123,alumni,2021,DS,Adobe,Software Engineer,Gurgaon,"[""Python"", ""Java""]","[""Business Intelligence""]",True,"I mentor because the right conversation at the right time changes everything. Currently at Adobe, specialising in Business Intelligence.",free,499,25.4,8.5,https://linkedin.com/in/rohan-tiwari-299,"3+ years in Business Intelligence at Adobe. DS graduate, Class of 2021.",367,True,Gurgaon
Ishita Pandey,ishitapandey18@gmail.com,SEED_PASSWORD_Alumni@123,alumni,2018,EEE,L&T,Software Engineer,Hyderabad,"[""ETAP"", ""MATLAB"", ""PLC/SCADA"", ""AutoCAD Electrical""]","[""Power Systems""]",False,,,0,9.3,8.0,https://linkedin.com/in/ishita-pandey-783,"6+ years in Power Systems at L&T. EEE graduate, Class of 2018.",271,True,Hyderabad
Sakshi Bansal,sakshibansal22@gmail.com,SEED_PASSWORD_Alumni@123,alumni,2022,DS,Postman,Data Scientist,Jaipur,"[""Power BI"", ""R"", ""TensorFlow"", ""Tableau""]","[""Data Science""]",False,,,0,7.3,9.1,https://linkedin.com/in/sakshi-bansal-596,"2+ years in Data Science at Postman. DS graduate, Class of 2022.",320,True,Jaipur
Nikhil Malhotra,nikhilmalhotra20@gmail.com,SEED_PASSWORD_Alumni@123,alumni,2020,IT,Razorpay,Software Engineer,Chennai,"[""Vue.js"", ""Tailwind CSS"", ""GraphQL""]","[""Web Development""]",True,Working at Razorpay for 4 years now. I remember how confusing placement season was — I'm here to make it less confusing for you.,paid,299,33.0,6.7,https://linkedin.com/in/nikhil-malhotra-525,"4+ years in Web Development at Razorpay. IT graduate, Class of 2020.",31,True,Chennai
Shubham Pandey,shubhampandey16@gmail.com,SEED_PASSWORD_Alumni@123,alumni,2016,Cyber Security,Axis Bank,Software Engineer,Kochi,"[""Python"", ""Java""]","[""Cloud Security""]",False,,,0,4.9,7.9,https://linkedin.com/in/shubham-pandey-599,"8+ years in Cloud Security at Axis Bank. Cyber Security graduate, Class of 2016.",112,True,Kochi
Neha Saxena,nehasaxena22@gmail.com,SEED_PASSWORD_Alumni@123,alumni,2022,CSE,Capgemini,Data Scientist,Noida,"[""NumPy"", ""Statistics"", ""Python"", ""Scikit-learn"", ""TensorFlow"", ""SQL""]","[""Data Science""]",True,"I mentor because the right conversation at the right time changes everything. Currently at Capgemini, specialising in Data Science.",free,0,7.9,6.9,https://linkedin.com/in/neha-saxena-366,"2+ years in Data Science at Capgemini. CSE graduate, Class of 2022.",194,True,Noida
Aarti Malhotra,aartimalhotra21@gmail.com,SEED_PASSWORD_Alumni@123,alumni,2021,CE,Deutsche Bank,Software Engineer,Bangalore,"[""Java"", ""Python""]","[""Structural Engineering""]",False,,,0,8.5,9.8,https://linkedin.com/in/aarti-malhotra-329,"3+ years in Structural Engineering at Deutsche Bank. CE graduate, Class of 2021.",332,True,Bangalore
Amit Sharma,amitsharma19@gmail.com,SEED_PASSWORD_Alumni@123,alumni,2019,EEE,ICICI Bank,Software Engineer,Chennai,"[""Python"", ""Java""]","[""Control Systems""]",False,,,0,8.7,8.0,https://linkedin.com/in/amit-sharma-885,"5+ years in Control Systems at ICICI Bank. EEE graduate, Class of 2019.",188,True,Chennai
Vivek Bansal,vivekbansal18@gmail.com,SEED_PASSWORD_Alumni@123,alumni,2018,IT,ISRO,Backend Engineer,Ahmedabad,"[""SQL"", ""Kubernetes"", ""Microservices"", ""Docker"", ""Java""]","[""Software Development""]",False,,,0,7.2,7.3,https://linkedin.com/in/vivek-bansal-970,"6+ years in Software Development at ISRO. IT graduate, Class of 2018.",350,True,Ahmedabad
Akash Verma,akashverma22@gmail.com,SEED_PASSWORD_Alumni@123,alumni,2022,CE,Tata Motors,Software Engineer,Delhi,"[""Python"", ""Java""]","[""Urban Planning""]",True,"I mentor because the right conversation at the right time changes everything. Currently at Tata Motors, specialising in Urban Planning.",paid,0,11.8,8.6,https://linkedin.com/in/akash-verma-545,"2+ years in Urban Planning at Tata Motors. CE graduate, Class of 2022.",90,True,Delhi
Ridhi Shukla,ridhishukla23@gmail.com,SEED_PASSWORD_Alumni@123,alumni,2023,AIML,Mphasis,Software Engineer,Ahmedabad,"[""HuggingFace"", ""Python"", ""spaCy"", ""LLMs"", ""Transformers""]","[""NLP""]",False,,,0,11.9,7.8,https://linkedin.com/in/ridhi-shukla-129,"1+ years in NLP at Mphasis. AIML graduate, Class of 2023.",253,True,Ahmedabad
Nandini Saxena,nandinisaxena21@gmail.com,SEED_PASSWORD_Alumni@123,alumni,2021,EEE,Leadsquared,Software Engineer,Gurgaon,"[""Python"", ""Java""]","[""Renewable Energy""]",False,,,0,5.6,8.3,https://linkedin.com/in/nandini-saxena-807,"3+ years in Renewable Energy at Leadsquared. EEE graduate, Class of 2021.",243,True,Gurgaon
Sakshi Sharma,sakshisharma20@gmail.com,SEED_PASSWORD_Alumni@123,alumni,2020,IT,Swiggy,Software Engineer,Delhi,"[""TypeScript"", ""Next.js"", ""GraphQL"", ""Node.js"", ""Vue.js""]","[""Web Development""]",False,,,0,11.6,8.8,https://linkedin.com/in/sakshi-sharma-413,"4+ years in Web Development at Swiggy. IT graduate, Class of 2020.",128,True,Delhi
Vikram Kumar,vikramkumar17@gmail.com,SEED_PASSWORD_Alumni@123,alumni,2017,CE,Slice,Software Engineer,Bhopal,"[""Java"", ""Python""]","[""Construction""]",False,,,0,7.7,8.5,https://linkedin.com/in/vikram-kumar-952,"7+ years in Construction at Slice. CE graduate, Class of 2017.",99,True,Bhopal
Kavya Sinha,kavyasinha20@gmail.com,SEED_PASSWORD_Alumni@123,alumni,2020,ECE,Cisco,Physical Design Engineer,Hyderabad,"[""Verilog"", ""STA"", ""Cadence"", ""Synopsys"", ""FPGA""]","[""VLSI""]",False,,,0,23.5,9.4,https://linkedin.com/in/kavya-sinha-580,"4+ years in VLSI at Cisco. ECE graduate, Class of 2020.",245,True,Hyderabad
Tanvi Patel,tanvipatel20@gmail.com,SEED_PASSWORD_Alumni@123,alumni,2020,CSE,Deutsche Bank,Backend Engineer,Pune,"[""Kubernetes"", ""REST APIs"", ""Java""]","[""Software Development""]",False,,,0,8.6,7.0,https://linkedin.com/in/tanvi-patel-187,"4+ years in Software Development at Deutsche Bank. CSE graduate, Class of 2020.",127,True,Pune
Yash Dubey,yashdubey19@gmail.com,SEED_PASSWORD_Alumni@123,alumni,2019,Cyber Security,Darwinbox,Software Engineer,Indore,"[""Java"", ""Python""]","[""Cloud Security""]",False,,,0,6.3,9.7,https://linkedin.com/in/yash-dubey-881,"5+ years in Cloud Security at Darwinbox. Cyber Security graduate, Class of 2019.",106,True,Indore
Nikhil Singh,nikhilsingh19@gmail.com,SEED_PASSWORD_Alumni@123,alumni,2019,ECE,Infosys,Physical Design Engineer,Kolkata,"[""Synopsys"", ""STA"", ""FPGA""]","[""VLSI""]",True,Passionate about helping students navigate their early careers. 5+ years at Infosys. Happy to guide on VLSI and interview prep.,paid,0,4.7,7.4,https://linkedin.com/in/nikhil-singh-370,"5+ years in VLSI at Infosys. ECE graduate, Class of 2019.",403,True,Kolkata
Shubham Gupta,shubhamgupta19@gmail.com,SEED_PASSWORD_Alumni@123,alumni,2019,DS,Tech Mahindra,ETL Developer,Mumbai,"[""Apache Spark"", ""Kafka"", ""Airflow""]","[""Data Engineering""]",False,,,0,8.2,7.9,https://linkedin.com/in/shubham-gupta-805,"5+ years in Data Engineering at Tech Mahindra. DS graduate, Class of 2019.",155,True,Mumbai
Ritu Tripathi,ritutripathi23@gmail.com,SEED_PASSWORD_Alumni@123,alumni,2023,DS,Mphasis,Data Engineer,Kochi,"[""BigQuery"", ""Airflow"", ""Snowflake"", ""Python"", ""Apache Spark"", ""dbt""]","[""Data Engineering""]",False,,,0,7.5,8.4,https://linkedin.com/in/ritu-tripathi-121,"1+ years in Data Engineering at Mphasis. DS graduate, Class of 2023.",391,True,Kochi
Komal Verma,komalverma23@gmail.com,SEED_PASSWORD_Alumni@123,alumni,2023,ECE,ABB,Software Engineer,Noida,"[""FPGA"", ""LabVIEW"", ""DSP"", ""Python""]","[""Signal Processing""]",False,,,0,13.7,7.6,https://linkedin.com/in/komal-verma-786,"1+ years in Signal Processing at ABB. ECE graduate, Class of 2023.",53,True,Noida
Prateek Dubey,prateekdubey20@gmail.com,SEED_PASSWORD_Alumni@123,alumni,2020,AIML,Capgemini,NLP Engineer,Bangalore,"[""TensorFlow"", ""Computer Vision"", ""PyTorch"", ""MLflow"", ""Python"", ""Keras""]","[""AI/ML""]",False,,,0,7.6,8.7,https://linkedin.com/in/prateek-dubey-573,"4+ years in AI/ML at Capgemini. AIML graduate, Class of 2020.",211,True,Bangalore
Saurabh Tripathi,saurabhtripathi23@gmail.com,SEED_PASSWORD_Alumni@123,alumni,2023,CE,L&T,Software Engineer,Hyderabad,"[""Python"", ""Java""]","[""Construction""]",False,,,0,12.1,6.6,https://linkedin.com/in/saurabh-tripathi-745,"1+ years in Construction at L&T. CE graduate, Class of 2023.",311,True,Hyderabad
Karan Tiwari,karantiwari16@gmail.com,SEED_PASSWORD_Alumni@123,alumni,2016,DS,Infosys,ETL Developer,Bhopal,"[""dbt"", ""Apache Spark"", ""Kafka""]","[""Data Engineering""]",False,,,0,4.2,8.8,https://linkedin.com/in/karan-tiwari-954,"8+ years in Data Engineering at Infosys. DS graduate, Class of 2016.",247,True,Bhopal
Kavya Malhotra,kavyamalhotra18@gmail.com,SEED_PASSWORD_Alumni@123,alumni,2018,DS,Mphasis,Software Engineer,Delhi,"[""Python"", ""Java""]","[""Business Intelligence""]",False,,,0,8.6,9.6,https://linkedin.com/in/kavya-malhotra-940,"6+ years in Business Intelligence at Mphasis. DS graduate, Class of 2018.",1,True,Delhi
Shruti Chauhan,shrutichauhan23@gmail.com,SEED_PASSWORD_Alumni@123,alumni,2023,Cyber Security,Deutsche Bank,Software Engineer,Chennai,"[""Java"", ""Python""]","[""Cloud Security""]",True,"Been through the grind from campus to Deutsche Bank. Now I want to give back. Let's talk Cloud Security, career transitions, and how to stand out in a crowded job market.",paid,299,9.4,9.7,https://linkedin.com/in/shruti-chauhan-339,"1+ years in Cloud Security at Deutsche Bank. Cyber Security graduate, Class of 2023.",438,True,Chennai
Anjali Agarwal,anjaliagarwal22@gmail.com,SEED_PASSWORD_Alumni@123,alumni,2022,AIML,Wipro,Software Engineer,Gurgaon,"[""Python"", ""Java""]","[""Robotics""]",False,,,0,7.5,6.8,https://linkedin.com/in/anjali-agarwal-567,"2+ years in Robotics at Wipro. AIML graduate, Class of 2022.",7,True,Gurgaon
Shubham Joshi,shubhamjoshi23@gmail.com,SEED_PASSWORD_Alumni@123,alumni,2023,IT,Juspay,Software Engineer,Hyderabad,"[""GraphQL"", ""React"", ""Node.js"", ""TypeScript"", ""Vue.js"", ""Next.js""]","[""Web Development""]",True,Working at Juspay for 1 years now. I remember how confusing placement season was — I'm here to make it less confusing for you.,free,0,12.9,7.3,https://linkedin.com/in/shubham-joshi-544,"1+ years in Web Development at Juspay. IT graduate, Class of 2023.",500,True,Hyderabad
Vikram Malhotra,vikrammalhotra20@gmail.com,SEED_PASSWORD_Alumni@123,alumni,2020,ECE,ISRO,Software Engineer,Noida,"[""DSP"", ""FPGA"", ""Python""]","[""Signal Processing""]",True,"Been through the grind from campus to ISRO. Now I want to give back. Let's talk Signal Processing, career transitions, and how to stand out in a crowded job market.",free,0,9.6,8.4,https://linkedin.com/in/vikram-malhotra-724,"4+ years in Signal Processing at ISRO. ECE graduate, Class of 2020.",445,True,Noida
Ridhi Mishra,ridhimishra18@gmail.com,SEED_PASSWORD_Alumni@123,alumni,2018,AIML,CRED,Software Engineer,Pune,"[""Python"", ""Java""]","[""Robotics""]",False,,,0,42.5,6.7,https://linkedin.com/in/ridhi-mishra-701,"6+ years in Robotics at CRED. AIML graduate, Class of 2018.",153,True,Pune
Ritu Malhotra,ritumalhotra19@gmail.com,SEED_PASSWORD_Alumni@123,alumni,2019,ME,ONGC,Software Engineer,Kolkata,"[""Python"", ""Java""]","[""CAD/CAM""]",False,,,0,8.0,7.5,https://linkedin.com/in/ritu-malhotra-381,"5+ years in CAD/CAM at ONGC. ME graduate, Class of 2019.",4,True,Kolkata
Vivek Saxena,viveksaxena19@gmail.com,SEED_PASSWORD_Alumni@123,alumni,2019,ME,Bosch,Software Engineer,Mumbai,"[""CAN Bus"", ""AUTOSAR"", ""CATIA"", ""MATLAB/Simulink""]","[""Automotive""]",False,,,0,16.5,9.1,https://linkedin.com/in/vivek-saxena-693,"5+ years in Automotive at Bosch. ME graduate, Class of 2019.",186,True,Mumbai
Rohan Tiwari,rohantiwari22@gmail.com,SEED_PASSWORD_Alumni@123,alumni,2022,CE,BHEL,Software Engineer,Gurgaon,"[""Java"", ""Python""]","[""Urban Planning""]",False,,,0,7.3,9.7,https://linkedin.com/in/rohan-tiwari-402,"2+ years in Urban Planning at BHEL. CE graduate, Class of 2022.",382,True,Gurgaon
Divya Malhotra,divyamalhotra18@gmail.com,SEED_PASSWORD_Alumni@123,alumni,2018,IT,Jupiter,Software Engineer,Gurgaon,"[""Python"", ""Java""]","[""QA""]",False,,,0,4.1,7.7,https://linkedin.com/in/divya-malhotra-698,"6+ years in QA at Jupiter. IT graduate, Class of 2018.",195,True,Gurgaon
Divya Mishra,divyamishra16@gmail.com,SEED_PASSWORD_Alumni@123,alumni,2016,AIML,LTIMindtree,Software Engineer,Pune,"[""LLMs"", ""Python"", ""NLTK"", ""spaCy""]","[""NLP""]",False,,,0,4.9,6.6,https://linkedin.com/in/divya-mishra-411,"8+ years in NLP at LTIMindtree. AIML graduate, Class of 2016.",252,True,Pune
Vikram Mishra,vikrammishra18@gmail.com,SEED_PASSWORD_Alumni@123,alumni,2018,DS,Cognizant,Software Engineer,Indore,"[""Python"", ""Java""]","[""Business Intelligence""]",False,,,0,6.3,7.8,https://linkedin.com/in/vikram-mishra-133,"6+ years in Business Intelligence at Cognizant. DS graduate, Class of 2018.",353,True,Indore
Aarti Malhotra,aartimalhotra19@gmail.com,SEED_PASSWORD_Alumni@123,alumni,2019,AIML,Groww,Software Engineer,Hyderabad,"[""Python"", ""NLTK"", ""spaCy"", ""LLMs"", ""Transformers""]","[""NLP""]",False,,,0,31.6,8.7,https://linkedin.com/in/aarti-malhotra-151,"5+ years in NLP at Groww. AIML graduate, Class of 2019.",402,True,Hyderabad
Kavya Joshi,kavyajoshi19@gmail.com,SEED_PASSWORD_Alumni@123,alumni,2019,Cyber Security,Cisco,Software Engineer,Pune,"[""Metasploit"", ""Burp Suite"", ""Kali Linux"", ""Nmap""]","[""Ethical Hacking""]",False,,,0,16.9,8.3,https://linkedin.com/in/kavya-joshi-212,"5+ years in Ethical Hacking at Cisco. Cyber Security graduate, Class of 2019.",338,True,Pune
Arjun Sharma,arjunsharma19@gmail.com,SEED_PASSWORD_Alumni@123,alumni,2019,CE,L&T,Software Engineer,Kolkata,"[""Python"", ""Java""]","[""Construction""]",False,,,0,11.3,6.7,https://linkedin.com/in/arjun-sharma-896,"5+ years in Construction at L&T. CE graduate, Class of 2019.",185,True,Kolkata
Gaurav Tripathi,gauravtripathi16@gmail.com,SEED_PASSWORD_Alumni@123,alumni,2016,EEE,Schneider Electric,Software Engineer,Noida,"[""Python"", ""Java""]","[""Renewable Energy""]",False,,,0,8.4,8.8,https://linkedin.com/in/gaurav-tripathi-829,"8+ years in Renewable Energy at Schneider Electric. EEE graduate, Class of 2016.",465,True,Noida
Sneha Singh,snehasingh18@gmail.com,SEED_PASSWORD_Alumni@123,alumni,2018,CE,Tech Mahindra,Software Engineer,Hyderabad,"[""Java"", ""Python""]","[""Urban Planning""]",False,,,0,6.7,9.1,https://linkedin.com/in/sneha-singh-973,"6+ years in Urban Planning at Tech Mahindra. CE graduate, Class of 2018.",335,True,Hyderabad
Shubham Malhotra,shubhammalhotra22@gmail.com,SEED_PASSWORD_Alumni@123,alumni,2022,EEE,Accenture,Software Engineer,Delhi,"[""Python"", ""Java""]","[""Automation""]",False,,,0,8.5,9.6,https://linkedin.com/in/shubham-malhotra-803,"2+ years in Automation at Accenture. EEE graduate, Class of 2022.",472,True,Delhi
Sneha Singh,snehasingh17@gmail.com,SEED_PASSWORD_Alumni@123,alumni,2017,IT,Cognizant,Software Engineer,Delhi,"[""Serverless"", ""Kubernetes"", ""Docker""]","[""Cloud Computing""]",True,Passionate about helping students navigate their early careers. 7+ years at Cognizant. Happy to guide on Cloud Computing and interview prep.,free,499,4.8,9.4,https://linkedin.com/in/sneha-singh-419,"7+ years in Cloud Computing at Cognizant. IT graduate, Class of 2017.",180,True,Delhi
Akash Tripathi,akashtripathi18@gmail.com,SEED_PASSWORD_Alumni@123,alumni,2018,EEE,DRDO,Software Engineer,Jaipur,"[""AutoCAD Electrical"", ""MATLAB"", ""ETAP"", ""PLC/SCADA""]","[""Power Systems""]",False,,,0,8.4,9.2,https://linkedin.com/in/akash-tripathi-723,"6+ years in Power Systems at DRDO. EEE graduate, Class of 2018.",475,True,Jaipur
Priya Patel,priyapatel20@gmail.com,SEED_PASSWORD_Alumni@123,alumni,2020,ME,BARC,Software Engineer,Hyderabad,"[""SolidWorks"", ""PLC Programming"", ""AutoCAD"", ""MATLAB""]","[""Manufacturing""]",False,,,0,9.8,9.0,https://linkedin.com/in/priya-patel-485,"4+ years in Manufacturing at BARC. ME graduate, Class of 2020.",214,True,Hyderabad
Tanvi Patel,tanvipatel20@gmail.com,SEED_PASSWORD_Alumni@123,alumni,2020,CE,BrowserStack,Software Engineer,Ahmedabad,"[""Python"", ""Java""]","[""Urban Planning""]",False,,,0,26.5,6.8,https://linkedin.com/in/tanvi-patel-777,"4+ years in Urban Planning at BrowserStack. CE graduate, Class of 2020.",217,True,Ahmedabad
Ridhi Malhotra,ridhimalhotra20@gmail.com,SEED_PASSWORD_Alumni@123,alumni,2020,AIDS,Byju's,Data Analyst,Mumbai,"[""Tableau"", ""Pandas"", ""TensorFlow"", ""SQL"", ""R""]","[""Data Science""]",False,,,0,8.8,6.6,https://linkedin.com/in/ridhi-malhotra-713,"4+ years in Data Science at Byju's. AIDS graduate, Class of 2020.",28,True,Mumbai
Saurabh Tiwari,saurabhtiwari18@gmail.com,SEED_PASSWORD_Alumni@123,alumni,2018,EEE,Juspay,Software Engineer,Noida,"[""Python"", ""Java""]","[""Renewable Energy""]",True,From a Tier-2 college to Juspay — the journey wasn't easy but it was worth it. I share everything I learned along the way.,paid,199,8.5,8.3,https://linkedin.com/in/saurabh-tiwari-173,"6+ years in Renewable Energy at Juspay. EEE graduate, Class of 2018.",203,True,Noida
Shubham Sharma,shubhamsharma17@gmail.com,SEED_PASSWORD_Alumni@123,alumni,2017,AIML,BrowserStack,Software Engineer,Delhi,"[""Java"", ""Python""]","[""Robotics""]",True,Working at BrowserStack for 7 years now. I remember how confusing placement season was — I'm here to make it less confusing for you.,free,299,20.3,7.1,https://linkedin.com/in/shubham-sharma-964,"7+ years in Robotics at BrowserStack. AIML graduate, Class of 2017.",54,True,Delhi
Shubham Chauhan,shubhamchauhan17@gmail.com,SEED_PASSWORD_Alumni@123,alumni,2017,AIDS,Tech Mahindra,Strategy Analyst,Chennai,"[""Tableau"", ""Power BI"", ""Excel"", ""Statistics""]","[""Business Analytics""]",False,,,0,7.2,9.5,https://linkedin.com/in/shubham-chauhan-459,"7+ years in Business Analytics at Tech Mahindra. AIDS graduate, Class of 2017.",372,True,Chennai
Deepak Gupta,deepakgupta20@gmail.com,SEED_PASSWORD_Alumni@123,alumni,2020,ECE,Mphasis,Physical Design Engineer,Gurgaon,"[""VHDL"", ""Synopsys"", ""FPGA""]","[""VLSI""]",False,,,0,9.9,8.7,https://linkedin.com/in/deepak-gupta-984,"4+ years in VLSI at Mphasis. ECE graduate, Class of 2020.",497,True,Gurgaon
Pooja Malhotra,poojamalhotra23@gmail.com,SEED_PASSWORD_Alumni@123,alumni,2023,IT,Tech Mahindra,Software Engineer,Bangalore,"[""Node.js"", ""Next.js"", ""React""]","[""Web Development""]",False,,,0,8.2,7.7,https://linkedin.com/in/pooja-malhotra-393,"1+ years in Web Development at Tech Mahindra. IT graduate, Class of 2023.",39,True,Bangalore
Vivek Bansal,vivekbansal22@gmail.com,SEED_PASSWORD_Alumni@123,alumni,2022,DS,LTIMindtree,Software Engineer,Pune,"[""Java"", ""Python""]","[""Business Intelligence""]",False,,,0,7.8,9.7,https://linkedin.com/in/vivek-bansal-561,"2+ years in Business Intelligence at LTIMindtree. DS graduate, Class of 2022.",52,True,Pune
Sneha Tripathi,snehatripathi16@gmail.com,SEED_PASSWORD_Alumni@123,alumni,2016,ECE,Accenture,Software Engineer,Indore,"[""MQTT"", ""AWS IoT"", ""Raspberry Pi"", ""C++""]","[""IoT""]",True,Passionate about helping students navigate their early careers. 8+ years at Accenture. Happy to guide on IoT and interview prep.,free,0,5.4,6.7,https://linkedin.com/in/sneha-tripathi-671,"8+ years in IoT at Accenture. ECE graduate, Class of 2016.",347,True,Indore
Shruti Yadav,shrutiyadav18@gmail.com,SEED_PASSWORD_Alumni@123,alumni,2018,Cyber Security,Mphasis,Software Engineer,Delhi,"[""Burp Suite"", ""Nmap"", ""Kali Linux"", ""Python"", ""Metasploit""]","[""Ethical Hacking""]",False,,,0,7.4,9.2,https://linkedin.com/in/shruti-yadav-761,"6+ years in Ethical Hacking at Mphasis. Cyber Security graduate, Class of 2018.",343,True,Delhi
Pallavi Sinha,pallavisinha21@gmail.com,SEED_PASSWORD_Alumni@123,alumni,2021,CSE,HCL,NLP Engineer,Jaipur,"[""Keras"", ""LangChain"", ""TensorFlow"", ""MLflow"", ""Python"", ""PyTorch""]","[""AI/ML""]",True,From a Tier-2 college to HCL — the journey wasn't easy but it was worth it. I share everything I learned along the way.,free,199,8.1,8.3,https://linkedin.com/in/pallavi-sinha-997,"3+ years in AI/ML at HCL. CSE graduate, Class of 2021.",392,True,Jaipur
Vivek Pandey,vivekpandey18@gmail.com,SEED_PASSWORD_Alumni@123,alumni,2018,ECE,Mphasis,RTL Engineer,Jaipur,"[""Verilog"", ""Synopsys"", ""Cadence"", ""FPGA"", ""STA"", ""VHDL""]","[""VLSI""]",False,,,0,7.7,8.0,https://linkedin.com/in/vivek-pandey-416,"6+ years in VLSI at Mphasis. ECE graduate, Class of 2018.",494,True,Jaipur
Aarti Sinha,aartisinha23@gmail.com,SEED_PASSWORD_Alumni@123,alumni,2023,Cyber Security,Tech Mahindra,Software Engineer,Mumbai,"[""Python"", ""Java""]","[""Cloud Security""]",True,"I mentor because the right conversation at the right time changes everything. Currently at Tech Mahindra, specialising in Cloud Security.",free,499,12.3,6.7,https://linkedin.com/in/aarti-sinha-205,"1+ years in Cloud Security at Tech Mahindra. Cyber Security graduate, Class of 2023.",364,True,Mumbai
Aditya Singh,adityasingh20@gmail.com,SEED_PASSWORD_Alumni@123,alumni,2020,ECE,Schneider Electric,RTL Engineer,Chennai,"[""Verilog"", ""VHDL"", ""Synopsys"", ""FPGA"", ""STA"", ""Cadence""]","[""VLSI""]",False,,,0,5.0,7.8,https://linkedin.com/in/aditya-singh-483,"4+ years in VLSI at Schneider Electric. ECE graduate, Class of 2020.",114,True,Chennai
Prateek Gupta,prateekgupta18@gmail.com,SEED_PASSWORD_Alumni@123,alumni,2018,CE,Tech Mahindra,Software Engineer,Bangalore,"[""Java"", ""Python""]","[""Structural Engineering""]",False,,,0,7.7,7.3,https://linkedin.com/in/prateek-gupta-661,"6+ years in Structural Engineering at Tech Mahindra. CE graduate, Class of 2018.",481,True,Bangalore
Divya Tiwari,divyatiwari20@gmail.com,SEED_PASSWORD_Alumni@123,alumni,2020,EEE,Swiggy,Software Engineer,Bhopal,"[""Python"", ""Java""]","[""Automation""]",False,,,0,10.5,6.6,https://linkedin.com/in/divya-tiwari-835,"4+ years in Automation at Swiggy. EEE graduate, Class of 2020.",73,True,Bhopal
Neha Sharma,nehasharma21@gmail.com,SEED_PASSWORD_Alumni@123,alumni,2021,Cyber Security,Capgemini,Software Engineer,Jaipur,"[""Python"", ""Burp Suite"", ""Kali Linux""]","[""Ethical Hacking""]",False,,,0,8.5,9.8,https://linkedin.com/in/neha-sharma-499,"3+ years in Ethical Hacking at Capgemini. Cyber Security graduate, Class of 2021.",447,True,Jaipur
Anjali Pandey,anjalipandey20@gmail.com,SEED_PASSWORD_Alumni@123,alumni,2020,CE,Leadsquared,Software Engineer,Delhi,"[""Python"", ""Java""]","[""Construction""]",False,,,0,10.0,6.9,https://linkedin.com/in/anjali-pandey-659,"4+ years in Construction at Leadsquared. CE graduate, Class of 2020.",173,True,Delhi
Gaurav Saxena,gauravsaxena18@gmail.com,SEED_PASSWORD_Alumni@123,alumni,2018,ECE,Meesho,IoT Engineer,Kochi,"[""C++"", ""C"", ""Firmware"", ""PCB Design"", ""RTOS""]","[""Embedded Systems""]",False,,,0,9.6,8.3,https://linkedin.com/in/gaurav-saxena-137,"6+ years in Embedded Systems at Meesho. ECE graduate, Class of 2018.",385,True,Kochi
Aditya Sinha,adityasinha21@gmail.com,SEED_PASSWORD_Alumni@123,alumni,2021,CSE,Razorpay,Platform Engineer,Mumbai,"[""Ansible"", ""CI/CD"", ""Jenkins"", ""Kubernetes"", ""Terraform"", ""AWS""]","[""DevOps""]",False,,,0,34.8,9.1,https://linkedin.com/in/aditya-sinha-534,"3+ years in DevOps at Razorpay. CSE graduate, Class of 2021.",40,True,Mumbai
Ridhi Patel,ridhipatel20@gmail.com,SEED_PASSWORD_Alumni@123,alumni,2020,DS,Infosys,Data Analyst,Kolkata,"[""TensorFlow"", ""Power BI"", ""Tableau"", ""Pandas"", ""SQL""]","[""Data Science""]",False,,,0,5.6,9.4,https://linkedin.com/in/ridhi-patel-729,"4+ years in Data Science at Infosys. DS graduate, Class of 2020.",222,True,Kolkata
Anjali Singh,anjalisingh21@gmail.com,SEED_PASSWORD_Alumni@123,alumni,2021,AIDS,Wipro,Research Scientist,Delhi,"[""R"", ""Power BI"", ""Python"", ""Pandas""]","[""Data Science""]",False,,,0,4.5,7.7,https://linkedin.com/in/anjali-singh-133,"3+ years in Data Science at Wipro. AIDS graduate, Class of 2021.",309,True,Delhi
Gaurav Sinha,gauravsinha23@gmail.com,SEED_PASSWORD_Alumni@123,alumni,2023,CE,ICICI Bank,Software Engineer,Hyderabad,"[""Java"", ""Python""]","[""Construction""]",True,"Been through the grind from campus to ICICI Bank. Now I want to give back. Let's talk Construction, career transitions, and how to stand out in a crowded job market.",free,499,11.1,6.6,https://linkedin.com/in/gaurav-sinha-496,"1+ years in Construction at ICICI Bank. CE graduate, Class of 2023.",467,True,Hyderabad
Nikhil Yadav,nikhilyadav19@gmail.com,SEED_PASSWORD_Alumni@123,alumni,2019,AIML,BARC,Software Engineer,Kolkata,"[""Python"", ""Java""]","[""Robotics""]",False,,,0,9.8,8.0,https://linkedin.com/in/nikhil-yadav-929,"5+ years in Robotics at BARC. AIML graduate, Class of 2019.",349,True,Kolkata
Meera Singh,meerasingh20@gmail.com,SEED_PASSWORD_Alumni@123,alumni,2020,DS,Axis Bank,ETL Developer,Pune,"[""Python"", ""Airflow"", ""Snowflake"", ""Kafka""]","[""Data Engineering""]",True,Passionate about helping students navigate their early careers. 4+ years at Axis Bank. Happy to guide on Data Engineering and interview prep.,free,499,5.4,7.3,https://linkedin.com/in/meera-singh-686,"4+ years in Data Engineering at Axis Bank. DS graduate, Class of 2020.",188,True,Pune
Shalini Joshi,shalinijoshi17@gmail.com,SEED_PASSWORD_Alumni@123,alumni,2017,Cyber Security,Oracle,Software Engineer,Hyderabad,"[""Java"", ""Python""]","[""Cloud Security""]",True,"Been through the grind from campus to Oracle. Now I want to give back. Let's talk Cloud Security, career transitions, and how to stand out in a crowded job market.",paid,499,15.3,8.0,https://linkedin.com/in/shalini-joshi-286,"7+ years in Cloud Security at Oracle. Cyber Security graduate, Class of 2017.",393,True,Hyderabad
Shubham Tripathi,shubhamtripathi17@gmail.com,SEED_PASSWORD_Alumni@123,alumni,2017,CSE,Tech Mahindra,Research Scientist,Mumbai,"[""SQL"", ""Scikit-learn"", ""R"", ""TensorFlow""]","[""Data Science""]",False,,,0,8.6,7.1,https://linkedin.com/in/shubham-tripathi-381,"7+ years in Data Science at Tech Mahindra. CSE graduate, Class of 2017.",64,True,Mumbai
Ridhi Shukla,ridhishukla18@gmail.com,SEED_PASSWORD_Alumni@123,alumni,2018,IT,Mphasis,Software Engineer,Kochi,"[""Docker"", ""Serverless"", ""Kubernetes"", ""GCP""]","[""Cloud Computing""]",False,,,0,9.1,9.4,https://linkedin.com/in/ridhi-shukla-146,"6+ years in Cloud Computing at Mphasis. IT graduate, Class of 2018.",485,True,Kochi
Aarti Chauhan,aartichauhan16@gmail.com,SEED_PASSWORD_Alumni@123,alumni,2016,AIDS,LTIMindtree,Strategy Analyst,Gurgaon,"[""SQL"", ""Power BI"", ""Statistics"", ""Python"", ""Tableau""]","[""Business Analytics""]",True,"Been through the grind from campus to LTIMindtree. Now I want to give back. Let's talk Business Analytics, career transitions, and how to stand out in a crowded job market.",free,499,3.8,7.9,https://linkedin.com/in/aarti-chauhan-247,"8+ years in Business Analytics at LTIMindtree. AIDS graduate, Class of 2016.",160,True,Gurgaon
Meera Pandey,meerapandey21@gmail.com,SEED_PASSWORD_Alumni@123,alumni,2021,ECE,Tata Motors,Software Engineer,Mumbai,"[""LabVIEW"", ""MATLAB"", ""Python"", ""DSP""]","[""Signal Processing""]",True,"Been through the grind from campus to Tata Motors. Now I want to give back. Let's talk Signal Processing, career transitions, and how to stand out in a crowded job market.",free,199,6.8,9.6,https://linkedin.com/in/meera-pandey-691,"3+ years in Signal Processing at Tata Motors. ECE graduate, Class of 2021.",369,True,Mumbai
Aarti Patel,aartipatel23@gmail.com,SEED_PASSWORD_Alumni@123,alumni,2023,AIML,Tech Mahindra,Software Engineer,Chennai,"[""Python"", ""Java""]","[""Robotics""]",False,,,0,9.8,8.4,https://linkedin.com/in/aarti-patel-149,"1+ years in Robotics at Tech Mahindra. AIML graduate, Class of 2023.",25,True,Chennai
Ishita Bansal,ishitabansal20@gmail.com,SEED_PASSWORD_Alumni@123,alumni,2020,AIML,Infosys,Software Engineer,Noida,"[""Java"", ""Python""]","[""Robotics""]",False,,,0,6.7,6.7,https://linkedin.com/in/ishita-bansal-471,"4+ years in Robotics at Infosys. AIML graduate, Class of 2020.",283,True,Noida
Sneha Pandey,snehapandey23@gmail.com,SEED_PASSWORD_Alumni@123,alumni,2023,DS,Juspay,Software Engineer,Delhi,"[""Python"", ""Java""]","[""Business Intelligence""]",False,,,0,8.9,8.3,https://linkedin.com/in/sneha-pandey-474,"1+ years in Business Intelligence at Juspay. DS graduate, Class of 2023.",386,True,Delhi
Saurabh Bansal,saurabhbansal22@gmail.com,SEED_PASSWORD_Alumni@123,alumni,2022,DS,TCS,Data Engineer,Pune,"[""BigQuery"", ""Airflow"", ""dbt"", ""Snowflake""]","[""Data Engineering""]",False,,,0,5.3,7.6,https://linkedin.com/in/saurabh-bansal-727,"2+ years in Data Engineering at TCS. DS graduate, Class of 2022.",163,True,Pune
Harsh Bansal,harshbansal21@gmail.com,SEED_PASSWORD_Alumni@123,alumni,2021,ME,Schneider Electric,Software Engineer,Noida,"[""Java"", ""Python""]","[""CAD/CAM""]",False,,,0,7.7,8.4,https://linkedin.com/in/harsh-bansal-711,"3+ years in CAD/CAM at Schneider Electric. ME graduate, Class of 2021.",242,True,Noida
Komal Chauhan,komalchauhan16@gmail.com,SEED_PASSWORD_Alumni@123,alumni,2016,EEE,BHEL,Software Engineer,Chennai,"[""Python"", ""Java""]","[""Automation""]",False,,,0,6.3,6.6,https://linkedin.com/in/komal-chauhan-528,"8+ years in Automation at BHEL. EEE graduate, Class of 2016.",77,True,Chennai
Aarti Dubey,aartidubey23@gmail.com,SEED_PASSWORD_Alumni@123,alumni,2023,DS,Zepto,Software Engineer,Noida,"[""Python"", ""Java""]","[""Business Intelligence""]",False,,,0,49.0,7.5,https://linkedin.com/in/aarti-dubey-277,"1+ years in Business Intelligence at Zepto. DS graduate, Class of 2023.",235,True,Noida
Shalini Sinha,shalinisinha23@gmail.com,SEED_PASSWORD_Alumni@123,alumni,2023,ME,HCL,Software Engineer,Kolkata,"[""Python"", ""Java""]","[""Robotics""]",False,,,0,8.8,8.8,https://linkedin.com/in/shalini-sinha-424,"1+ years in Robotics at HCL. ME graduate, Class of 2023.",245,True,Kolkata
Shalini Yadav,shaliniyadav17@gmail.com,SEED_PASSWORD_Alumni@123,alumni,2017,ME,Schneider Electric,Software Engineer,Kolkata,"[""Java"", ""Python""]","[""CAD/CAM""]",True,Working at Schneider Electric for 7 years now. I remember how confusing placement season was — I'm here to make it less confusing for you.,paid,299,5.3,6.8,https://linkedin.com/in/shalini-yadav-319,"7+ years in CAD/CAM at Schneider Electric. ME graduate, Class of 2017.",103,True,Kolkata
Shalini Yadav,shaliniyadav17@gmail.com,SEED_PASSWORD_Alumni@123,alumni,2017,ECE,DRDO,Physical Design Engineer,Noida,"[""STA"", ""FPGA"", ""VHDL""]","[""VLSI""]",True,Passionate about helping students navigate their early careers. 7+ years at DRDO. Happy to guide on VLSI and interview prep.,paid,0,7.3,7.6,https://linkedin.com/in/shalini-yadav-105,"7+ years in VLSI at DRDO. ECE graduate, Class of 2017.",493,True,Noida
Shubham Saxena,shubhamsaxena19@gmail.com,SEED_PASSWORD_Alumni@123,alumni,2019,AIML,Juspay,Software Engineer,Bangalore,"[""LLMs"", ""Python"", ""Transformers"", ""spaCy"", ""NLTK""]","[""NLP""]",False,,,0,7.8,9.5,https://linkedin.com/in/shubham-saxena-527,"5+ years in NLP at Juspay. AIML graduate, Class of 2019.",451,True,Bangalore
Amit Pandey,amitpandey18@gmail.com,SEED_PASSWORD_Alumni@123,alumni,2018,AIML,Axis Bank,Software Engineer,Gurgaon,"[""Python"", ""spaCy"", ""LLMs""]","[""NLP""]",True,"Been through the grind from campus to Axis Bank. Now I want to give back. Let's talk NLP, career transitions, and how to stand out in a crowded job market.",paid,299,9.6,9.8,https://linkedin.com/in/amit-pandey-379,"6+ years in NLP at Axis Bank. AIML graduate, Class of 2018.",98,True,Gurgaon
Prateek Patel,prateekpatel20@gmail.com,SEED_PASSWORD_Alumni@123,alumni,2020,AIML,L&T,Software Engineer,Hyderabad,"[""Transformers"", ""HuggingFace"", ""LLMs"", ""spaCy"", ""NLTK""]","[""NLP""]",False,,,0,12.7,7.8,https://linkedin.com/in/prateek-patel-289,"4+ years in NLP at L&T. AIML graduate, Class of 2020.",71,True,Hyderabad
Tanvi Mishra,tanvimishra20@gmail.com,SEED_PASSWORD_Alumni@123,alumni,2020,CSE,Accenture,AI Researcher,Hyderabad,"[""NLP"", ""Python"", ""PyTorch"", ""Computer Vision"", ""MLflow""]","[""AI/ML""]",True,"I mentor because the right conversation at the right time changes everything. Currently at Accenture, specialising in AI/ML.",paid,499,8.8,8.0,https://linkedin.com/in/tanvi-mishra-820,"4+ years in AI/ML at Accenture. CSE graduate, Class of 2020.",394,True,Hyderabad
Divya Tiwari,divyatiwari19@gmail.com,SEED_PASSWORD_Alumni@123,alumni,2019,CE,BHEL,Software Engineer,Gurgaon,"[""Java"", ""Python""]","[""Structural Engineering""]",False,,,0,7.0,9.0,https://linkedin.com/in/divya-tiwari-880,"5+ years in Structural Engineering at BHEL. CE graduate, Class of 2019.",126,True,Gurgaon
Rishabh Malhotra,rishabhmalhotra21@gmail.com,SEED_PASSWORD_Alumni@123,alumni,2021,DS,Intel,ETL Developer,Pune,"[""Python"", ""Snowflake"", ""BigQuery""]","[""Data Engineering""]",False,,,0,6.5,7.6,https://linkedin.com/in/rishabh-malhotra-219,"3+ years in Data Engineering at Intel. DS graduate, Class of 2021.",348,True,Pune
Akash Saxena,akashsaxena23@gmail.com,SEED_PASSWORD_Alumni@123,alumni,2023,IT,Chargebee,Software Engineer,Kochi,"[""Terraform"", ""Serverless"", ""AWS"", ""Kubernetes"", ""GCP"", ""Azure""]","[""Cloud Computing""]",False,,,0,11.7,6.5,https://linkedin.com/in/akash-saxena-323,"1+ years in Cloud Computing at Chargebee. IT graduate, Class of 2023.",296,True,Kochi
Amit Dubey,amitdubey17@gmail.com,SEED_PASSWORD_Alumni@123,alumni,2017,CE,L&T,Software Engineer,Jaipur,"[""Python"", ""Java""]","[""Construction""]",False,,,0,7.7,8.6,https://linkedin.com/in/amit-dubey-483,"7+ years in Construction at L&T. CE graduate, Class of 2017.",456,True,Jaipur
Sakshi Pandey,sakshipandey17@gmail.com,SEED_PASSWORD_Alumni@123,alumni,2017,AIDS,Schneider Electric,AI Researcher,Kochi,"[""TensorFlow"", ""PyTorch"", ""NLP"", ""Keras"", ""MLflow""]","[""AI/ML""]",False,,,0,4.4,6.5,https://linkedin.com/in/sakshi-pandey-405,"7+ years in AI/ML at Schneider Electric. AIDS graduate, Class of 2017.",237,True,Kochi
Shalini Pandey,shalinipandey19@gmail.com,SEED_PASSWORD_Alumni@123,alumni,2019,EEE,BHEL,Software Engineer,Jaipur,"[""Python"", ""Java""]","[""Renewable Energy""]",False,,,0,9.6,9.6,https://linkedin.com/in/shalini-pandey-346,"5+ years in Renewable Energy at BHEL. EEE graduate, Class of 2019.",105,True,Jaipur
Vikram Bansal,vikrambansal23@gmail.com,SEED_PASSWORD_Alumni@123,alumni,2023,CSE,TCS,Data Scientist,Jaipur,"[""Tableau"", ""Power BI"", ""Scikit-learn""]","[""Data Science""]",False,,,0,7.5,6.7,https://linkedin.com/in/vikram-bansal-615,"1+ years in Data Science at TCS. CSE graduate, Class of 2023.",148,True,Jaipur
Akash Agarwal,akashagarwal21@gmail.com,SEED_PASSWORD_Alumni@123,alumni,2021,Cyber Security,Wipro,Software Engineer,Delhi,"[""Burp Suite"", ""Python"", ""Kali Linux"", ""Nmap"", ""Metasploit""]","[""Ethical Hacking""]",True,From a Tier-2 college to Wipro — the journey wasn't easy but it was worth it. I share everything I learned along the way.,free,299,6.0,9.6,https://linkedin.com/in/akash-agarwal-518,"3+ years in Ethical Hacking at Wipro. Cyber Security graduate, Class of 2021.",76,True,Delhi
Ayesha Patel,ayeshapatel23@gmail.com,SEED_PASSWORD_Alumni@123,alumni,2023,DS,Swiggy,Data Scientist,Chennai,"[""Power BI"", ""Python"", ""Tableau"", ""Scikit-learn""]","[""Data Science""]",True,Working at Swiggy for 1 years now. I remember how confusing placement season was — I'm here to make it less confusing for you.,paid,0,10.3,7.3,https://linkedin.com/in/ayesha-patel-560,"1+ years in Data Science at Swiggy. DS graduate, Class of 2023.",433,True,Chennai
Sneha Shukla,snehashukla16@gmail.com,SEED_PASSWORD_Alumni@123,alumni,2016,EEE,Mphasis,Software Engineer,Delhi,"[""ETAP"", ""AutoCAD Electrical"", ""MATLAB""]","[""Power Systems""]",False,,,0,5.8,7.5,https://linkedin.com/in/sneha-shukla-316,"8+ years in Power Systems at Mphasis. EEE graduate, Class of 2016.",479,True,Delhi
Vikram Saxena,vikramsaxena19@gmail.com,SEED_PASSWORD_Alumni@123,alumni,2019,EEE,HCL,Software Engineer,Mumbai,"[""Java"", ""Python""]","[""Renewable Energy""]",False,,,0,6.0,7.7,https://linkedin.com/in/vikram-saxena-577,"5+ years in Renewable Energy at HCL. EEE graduate, Class of 2019.",50,True,Mumbai
Tanvi Kumar,tanvikumar21@gmail.com,SEED_PASSWORD_Alumni@123,alumni,2021,CE,DRDO,Software Engineer,Kolkata,"[""Python"", ""Java""]","[""Urban Planning""]",False,,,0,9.5,7.9,https://linkedin.com/in/tanvi-kumar-300,"3+ years in Urban Planning at DRDO. CE graduate, Class of 2021.",168,True,Kolkata
Harsh Chauhan,harshchauhan23@gmail.com,SEED_PASSWORD_Alumni@123,alumni,2023,EEE,Bosch,Software Engineer,Pune,"[""Java"", ""Python""]","[""Renewable Energy""]",False,,,0,13.1,7.0,https://linkedin.com/in/harsh-chauhan-659,"1+ years in Renewable Energy at Bosch. EEE graduate, Class of 2023.",250,True,Pune
Yash Verma,yashverma16@gmail.com,SEED_PASSWORD_Alumni@123,alumni,2016,DS,Groww,Software Engineer,Hyderabad,"[""Python"", ""Java""]","[""Business Intelligence""]",False,,,0,14.3,8.8,https://linkedin.com/in/yash-verma-323,"8+ years in Business Intelligence at Groww. DS graduate, Class of 2016.",258,True,Hyderabad
Meera Verma,meeraverma23@gmail.com,SEED_PASSWORD_Alumni@123,alumni,2023,Cyber Security,L&T,Security Analyst,Ahmedabad,"[""Penetration Testing"", ""ISO 27001"", ""OWASP"", ""Wireshark"", ""Metasploit"", ""SIEM""]","[""Cybersecurity""]",False,,,0,8.5,7.9,https://linkedin.com/in/meera-verma-283,"1+ years in Cybersecurity at L&T. Cyber Security graduate, Class of 2023.",54,True,Ahmedabad
Rishabh Joshi,rishabhjoshi19@gmail.com,SEED_PASSWORD_Alumni@123,alumni,2019,EEE,ISRO,Software Engineer,Indore,"[""Java"", ""Python""]","[""Renewable Energy""]",False,,,0,8.8,7.3,https://linkedin.com/in/rishabh-joshi-407,"5+ years in Renewable Energy at ISRO. EEE graduate, Class of 2019.",350,True,Indore
Amit Singh,amitsingh22@gmail.com,SEED_PASSWORD_Alumni@123,alumni,2022,AIDS,Accenture,Data Scientist,Delhi,"[""NumPy"", ""Pandas"", ""Power BI""]","[""Data Science""]",False,,,0,11.0,8.4,https://linkedin.com/in/amit-singh-978,"2+ years in Data Science at Accenture. AIDS graduate, Class of 2022.",498,True,Delhi
Rishabh Verma,rishabhverma19@gmail.com,SEED_PASSWORD_Alumni@123,alumni,2019,EEE,NIC,Software Engineer,Bhopal,"[""Python"", ""Java""]","[""Automation""]",True,"Been through the grind from campus to NIC. Now I want to give back. Let's talk Automation, career transitions, and how to stand out in a crowded job market.",free,0,8.7,8.4,https://linkedin.com/in/rishabh-verma-312,"5+ years in Automation at NIC. EEE graduate, Class of 2019.",300,True,Bhopal
Harsh Singh,harshsingh18@gmail.com,SEED_PASSWORD_Alumni@123,alumni,2018,ME,Siemens,Software Engineer,Bangalore,"[""Python"", ""Java""]","[""Robotics""]",False,,,0,11.5,6.8,https://linkedin.com/in/harsh-singh-958,"6+ years in Robotics at Siemens. ME graduate, Class of 2018.",38,True,Bangalore
Ridhi Bansal,ridhibansal22@gmail.com,SEED_PASSWORD_Alumni@123,alumni,2022,Cyber Security,BARC,Security Analyst,Pune,"[""ISO 27001"", ""Metasploit"", ""SOC"", ""SIEM"", ""OWASP""]","[""Cybersecurity""]",False,,,0,9.7,8.7,https://linkedin.com/in/ridhi-bansal-776,"2+ years in Cybersecurity at BARC. Cyber Security graduate, Class of 2022.",194,True,Pune
Vivek Tiwari,vivektiwari17@gmail.com,SEED_PASSWORD_Alumni@123,alumni,2017,EEE,Zomato,Software Engineer,Mumbai,"[""Java"", ""Python""]","[""Automation""]",True,Passionate about helping students navigate their early careers. 7+ years at Zomato. Happy to guide on Automation and interview prep.,free,0,17.6,8.0,https://linkedin.com/in/vivek-tiwari-291,"7+ years in Automation at Zomato. EEE graduate, Class of 2017.",220,True,Mumbai
Shalini Shukla,shalinishukla22@gmail.com,SEED_PASSWORD_Alumni@123,alumni,2022,DS,Paytm,Data Scientist,Jaipur,"[""R"", ""SQL"", ""Tableau""]","[""Data Science""]",False,,,0,16.0,6.8,https://linkedin.com/in/shalini-shukla-672,"2+ years in Data Science at Paytm. DS graduate, Class of 2022.",463,True,Jaipur
Akash Tripathi,akashtripathi22@gmail.com,SEED_PASSWORD_Alumni@123,alumni,2022,ECE,Tech Mahindra,Software Engineer,Jaipur,"[""LabVIEW"", ""Python"", ""MATLAB"", ""DSP"", ""FPGA""]","[""Signal Processing""]",True,Working at Tech Mahindra for 2 years now. I remember how confusing placement season was — I'm here to make it less confusing for you.,free,299,7.5,6.8,https://linkedin.com/in/akash-tripathi-708,"2+ years in Signal Processing at Tech Mahindra. ECE graduate, Class of 2022.",315,True,Jaipur
Gaurav Gupta,gauravgupta20@gmail.com,SEED_PASSWORD_Alumni@123,alumni,2020,ECE,Oracle,Software Engineer,Kolkata,"[""DSP"", ""LabVIEW"", ""Python"", ""FPGA"", ""MATLAB""]","[""Signal Processing""]",False,,,0,21.9,7.2,https://linkedin.com/in/gaurav-gupta-281,"4+ years in Signal Processing at Oracle. ECE graduate, Class of 2020.",493,True,Kolkata
Tanvi Tiwari,tanvitiwari19@gmail.com,SEED_PASSWORD_Alumni@123,alumni,2019,AIML,Tech Mahindra,Software Engineer,Ahmedabad,"[""Python"", ""Java""]","[""Robotics""]",False,,,0,8.1,9.0,https://linkedin.com/in/tanvi-tiwari-844,"5+ years in Robotics at Tech Mahindra. AIML graduate, Class of 2019.",236,True,Ahmedabad
Gaurav Tiwari,gauravtiwari22@gmail.com,SEED_PASSWORD_Alumni@123,alumni,2022,IT,Wipro,Software Engineer,Indore,"[""Node.js"", ""GraphQL"", ""Vue.js"", ""TypeScript""]","[""Web Development""]",True,"I mentor because the right conversation at the right time changes everything. Currently at Wipro, specialising in Web Development.",paid,499,7.2,8.1,https://linkedin.com/in/gaurav-tiwari-990,"2+ years in Web Development at Wipro. IT graduate, Class of 2022.",354,True,Indore
Shalini Verma,shaliniverma17@gmail.com,SEED_PASSWORD_Alumni@123,alumni,2017,CE,HCL,Software Engineer,Ahmedabad,"[""Python"", ""Java""]","[""Urban Planning""]",False,,,0,5.1,7.8,https://linkedin.com/in/shalini-verma-915,"7+ years in Urban Planning at HCL. CE graduate, Class of 2017.",220,True,Ahmedabad
Rahul Gupta,rahulgupta19@gmail.com,SEED_PASSWORD_Alumni@123,alumni,2019,ME,Schneider Electric,Software Engineer,Hyderabad,"[""CAN Bus"", ""MATLAB/Simulink"", ""AUTOSAR"", ""CATIA""]","[""Automotive""]",True,Passionate about helping students navigate their early careers. 5+ years at Schneider Electric. Happy to guide on Automotive and interview prep.,paid,0,6.5,7.5,https://linkedin.com/in/rahul-gupta-456,"5+ years in Automotive at Schneider Electric. ME graduate, Class of 2019.",159,True,Hyderabad
Sakshi Kumar,sakshikumar23@gmail.com,SEED_PASSWORD_Alumni@123,alumni,2023,DS,Infosys,Data Scientist,Hyderabad,"[""SQL"", ""Pandas"", ""TensorFlow"", ""Python"", ""R"", ""Tableau""]","[""Data Science""]",True,"Been through the grind from campus to Infosys. Now I want to give back. Let's talk Data Science, career transitions, and how to stand out in a crowded job market.",paid,0,5.0,8.7,https://linkedin.com/in/sakshi-kumar-628,"1+ years in Data Science at Infosys. DS graduate, Class of 2023.",89,True,Hyderabad
Prateek Shukla,prateekshukla23@gmail.com,SEED_PASSWORD_Alumni@123,alumni,2023,AIDS,PhonePe,ML Engineer,Indore,"[""MLflow"", ""LangChain"", ""Python"", ""Computer Vision""]","[""AI/ML""]",True,Passionate about helping students navigate their early careers. 1+ years at PhonePe. Happy to guide on AI/ML and interview prep.,paid,0,42.4,7.9,https://linkedin.com/in/prateek-shukla-310,"1+ years in AI/ML at PhonePe. AIDS graduate, Class of 2023.",142,True,Indore
Akash Gupta,akashgupta18@gmail.com,SEED_PASSWORD_Alumni@123,alumni,2018,DS,HCL,Data Analyst,Indore,"[""TensorFlow"", ""Power BI"", ""SQL""]","[""Data Science""]",False,,,0,5.7,6.9,https://linkedin.com/in/akash-gupta-965,"6+ years in Data Science at HCL. DS graduate, Class of 2018.",234,True,Indore
Aditya Bansal,adityabansal17@gmail.com,SEED_PASSWORD_Alumni@123,alumni,2017,Cyber Security,Bosch,Penetration Tester,Noida,"[""Wireshark"", ""Penetration Testing"", ""SIEM"", ""ISO 27001""]","[""Cybersecurity""]",False,,,0,12.5,8.5,https://linkedin.com/in/aditya-bansal-533,"7+ years in Cybersecurity at Bosch. Cyber Security graduate, Class of 2017.",95,True,Noida
Shalini Patel,shalinipatel18@gmail.com,SEED_PASSWORD_Alumni@123,alumni,2018,DS,Wipro,ETL Developer,Chennai,"[""Python"", ""dbt"", ""Snowflake"", ""Apache Spark"", ""Kafka""]","[""Data Engineering""]",False,,,0,5.9,9.2,https://linkedin.com/in/shalini-patel-518,"6+ years in Data Engineering at Wipro. DS graduate, Class of 2018.",350,True,Chennai
Neha Malhotra,nehamalhotra18@gmail.com,SEED_PASSWORD_Alumni@123,alumni,2018,AIML,Google,Software Engineer,Jaipur,"[""OpenCV"", ""YOLO"", ""Python"", ""PyTorch"", ""TensorFlow""]","[""Computer Vision""]",False,,,0,53.4,9.0,https://linkedin.com/in/neha-malhotra-686,"6+ years in Computer Vision at Google. AIML graduate, Class of 2018.",58,True,Jaipur
Shalini Sinha,shalinisinha16@gmail.com,SEED_PASSWORD_Alumni@123,alumni,2016,DS,Chargebee,Software Engineer,Chennai,"[""Java"", ""Python""]","[""Business Intelligence""]",False,,,0,7.1,7.5,https://linkedin.com/in/shalini-sinha-560,"8+ years in Business Intelligence at Chargebee. DS graduate, Class of 2016.",134,True,Chennai
Sneha Malhotra,snehamalhotra19@gmail.com,SEED_PASSWORD_Alumni@123,alumni,2019,IT,Ola,Software Engineer,Indore,"[""Vue.js"", ""Next.js"", ""Tailwind CSS"", ""GraphQL"", ""React"", ""Node.js""]","[""Web Development""]",False,,,0,8.0,8.3,https://linkedin.com/in/sneha-malhotra-820,"5+ years in Web Development at Ola. IT graduate, Class of 2019.",149,True,Indore
Komal Yadav,komalyadav17@gmail.com,SEED_PASSWORD_Alumni@123,alumni,2017,DS,PhonePe,ETL Developer,Chennai,"[""Python"", ""BigQuery"", ""Kafka"", ""Snowflake"", ""Apache Spark""]","[""Data Engineering""]",True,"I mentor because the right conversation at the right time changes everything. Currently at PhonePe, specialising in Data Engineering.",free,499,19.3,9.0,https://linkedin.com/in/komal-yadav-747,"7+ years in Data Engineering at PhonePe. DS graduate, Class of 2017.",137,True,Chennai
Ayesha Malhotra,ayeshamalhotra17@gmail.com,SEED_PASSWORD_Alumni@123,alumni,2017,IT,Tech Mahindra,Software Engineer,Ahmedabad,"[""TypeScript"", ""Node.js"", ""Next.js"", ""React"", ""GraphQL"", ""Tailwind CSS""]","[""Web Development""]",False,,,0,7.7,8.8,https://linkedin.com/in/ayesha-malhotra-914,"7+ years in Web Development at Tech Mahindra. IT graduate, Class of 2017.",273,True,Ahmedabad
Aarti Dubey,aartidubey23@gmail.com,SEED_PASSWORD_Alumni@123,alumni,2023,EEE,Tech Mahindra,Software Engineer,Bangalore,"[""Java"", ""Python""]","[""Renewable Energy""]",False,,,0,13.1,6.8,https://linkedin.com/in/aarti-dubey-902,"1+ years in Renewable Energy at Tech Mahindra. EEE graduate, Class of 2023.",428,True,Bangalore
Priya Gupta,priyagupta23@gmail.com,SEED_PASSWORD_Alumni@123,alumni,2023,ECE,Siemens,VLSI Design Engineer,Hyderabad,"[""STA"", ""Cadence"", ""VHDL"", ""Synopsys""]","[""VLSI""]",False,,,0,12.1,7.7,https://linkedin.com/in/priya-gupta-764,"1+ years in VLSI at Siemens. ECE graduate, Class of 2023.",84,True,Hyderabad
Harsh Tiwari,harshtiwari22@gmail.com,SEED_PASSWORD_Alumni@123,alumni,2022,EEE,Tata Motors,Software Engineer,Bangalore,"[""PLC/SCADA"", ""MATLAB"", ""AutoCAD Electrical"", ""ETAP""]","[""Power Systems""]",False,,,0,9.4,8.8,https://linkedin.com/in/harsh-tiwari-936,"2+ years in Power Systems at Tata Motors. EEE graduate, Class of 2022.",61,True,Bangalore
Pooja Saxena,poojasaxena19@gmail.com,SEED_PASSWORD_Alumni@123,alumni,2019,IT,Infosys,Senior SDE,Hyderabad,"[""Docker"", ""Spring Boot"", ""React"", ""Node.js"", ""Java""]","[""Software Development""]",False,,,0,5.9,8.3,https://linkedin.com/in/pooja-saxena-724,"5+ years in Software Development at Infosys. IT graduate, Class of 2019.",332,True,Hyderabad
Gaurav Sinha,gauravsinha18@gmail.com,SEED_PASSWORD_Alumni@123,alumni,2018,EEE,CDAC,Software Engineer,Kolkata,"[""Python"", ""Java""]","[""Automation""]",True,Working at CDAC for 6 years now. I remember how confusing placement season was — I'm here to make it less confusing for you.,free,0,5.6,7.8,https://linkedin.com/in/gaurav-sinha-383,"6+ years in Automation at CDAC. EEE graduate, Class of 2018.",330,True,Kolkata
Deepak Shukla,deepakshukla20@gmail.com,SEED_PASSWORD_Alumni@123,alumni,2020,Cyber Security,Zepto,Software Engineer,Jaipur,"[""Wireshark"", ""Firewalls"", ""VPN"", ""IDS/IPS""]","[""Network Security""]",True,"I mentor because the right conversation at the right time changes everything. Currently at Zepto, specialising in Network Security.",free,0,26.7,9.7,https://linkedin.com/in/deepak-shukla-611,"4+ years in Network Security at Zepto. Cyber Security graduate, Class of 2020.",326,True,Jaipur
Rishabh Sharma,rishabhsharma21@gmail.com,SEED_PASSWORD_Alumni@123,alumni,2021,CE,Mphasis,Software Engineer,Bangalore,"[""Python"", ""Java""]","[""Structural Engineering""]",False,,,0,12.1,8.4,https://linkedin.com/in/rishabh-sharma-368,"3+ years in Structural Engineering at Mphasis. CE graduate, Class of 2021.",110,True,Bangalore
Amit Pandey,amitpandey20@gmail.com,SEED_PASSWORD_Alumni@123,alumni,2020,DS,LTIMindtree,Data Analyst,Jaipur,"[""Tableau"", ""Pandas"", ""NumPy"", ""Power BI"", ""Python"", ""R""]","[""Data Science""]",False,,,0,5.2,7.0,https://linkedin.com/in/amit-pandey-500,"4+ years in Data Science at LTIMindtree. DS graduate, Class of 2020.",300,True,Jaipur
Aditya Dubey,adityadubey16@gmail.com,SEED_PASSWORD_Alumni@123,alumni,2016,EEE,Capgemini,Software Engineer,Bangalore,"[""MATLAB"", ""ETAP"", ""PLC/SCADA"", ""AutoCAD Electrical""]","[""Power Systems""]",True,From a Tier-2 college to Capgemini — the journey wasn't easy but it was worth it. I share everything I learned along the way.,paid,199,3.4,7.0,https://linkedin.com/in/aditya-dubey-270,"8+ years in Power Systems at Capgemini. EEE graduate, Class of 2016.",190,True,Bangalore
Nikhil Gupta,nikhilgupta21@gmail.com,SEED_PASSWORD_Alumni@123,alumni,2021,CSE,Juspay,Penetration Tester,Bhopal,"[""Wireshark"", ""SOC"", ""OWASP""]","[""Cybersecurity""]",False,,,0,9.6,7.7,https://linkedin.com/in/nikhil-gupta-979,"3+ years in Cybersecurity at Juspay. CSE graduate, Class of 2021.",290,True,Bhopal
Varun Patel,varunpatel17@gmail.com,SEED_PASSWORD_Alumni@123,alumni,2017,ME,NIC,Software Engineer,Noida,"[""Six Sigma"", ""AutoCAD"", ""PLC Programming"", ""MATLAB""]","[""Manufacturing""]",False,,,0,5.0,9.5,https://linkedin.com/in/varun-patel-978,"7+ years in Manufacturing at NIC. ME graduate, Class of 2017.",18,True,Noida
Kavya Agarwal,kavyaagarwal22@gmail.com,SEED_PASSWORD_Alumni@123,alumni,2022,EEE,BARC,Software Engineer,Pune,"[""Java"", ""Python""]","[""Renewable Energy""]",False,,,0,9.3,7.2,https://linkedin.com/in/kavya-agarwal-628,"2+ years in Renewable Energy at BARC. EEE graduate, Class of 2022.",23,True,Pune
Sneha Malhotra,snehamalhotra20@gmail.com,SEED_PASSWORD_Alumni@123,alumni,2020,ME,Schneider Electric,Software Engineer,Kolkata,"[""Java"", ""Python""]","[""CAD/CAM""]",False,,,0,6.6,8.6,https://linkedin.com/in/sneha-malhotra-477,"4+ years in CAD/CAM at Schneider Electric. ME graduate, Class of 2020.",302,True,Kolkata
Aarti Shukla,aartishukla18@gmail.com,SEED_PASSWORD_Alumni@123,alumni,2018,EEE,Oracle,Software Engineer,Kochi,"[""AutoCAD Electrical"", ""PLC/SCADA"", ""MATLAB"", ""ETAP""]","[""Power Systems""]",False,,,0,15.0,8.9,https://linkedin.com/in/aarti-shukla-206,"6+ years in Power Systems at Oracle. EEE graduate, Class of 2018.",105,True,Kochi
Shubham Saxena,shubhamsaxena18@gmail.com,SEED_PASSWORD_Alumni@123,alumni,2018,CSE,Tata Motors,Full Stack Developer,Hyderabad,"[""Microservices"", ""Kubernetes"", ""Docker"", ""Node.js""]","[""Software Development""]",True,Passionate about helping students navigate their early careers. 6+ years at Tata Motors. Happy to guide on Software Development and interview prep.,paid,499,9.8,8.2,https://linkedin.com/in/shubham-saxena-163,"6+ years in Software Development at Tata Motors. CSE graduate, Class of 2018.",222,True,Hyderabad
Deepak Tiwari,deepaktiwari21@gmail.com,SEED_PASSWORD_Alumni@123,alumni,2021,ME,IIT Research,Software Engineer,Pune,"[""Java"", ""Python""]","[""Robotics""]",False,,,0,6.7,9.1,https://linkedin.com/in/deepak-tiwari-259,"3+ years in Robotics at IIT Research. ME graduate, Class of 2021.",54,True,Pune
Gaurav Malhotra,gauravmalhotra22@gmail.com,SEED_PASSWORD_Alumni@123,alumni,2022,CE,Cognizant,Software Engineer,Pune,"[""Java"", ""Python""]","[""Construction""]",True,Working at Cognizant for 2 years now. I remember how confusing placement season was — I'm here to make it less confusing for you.,paid,499,6.5,9.2,https://linkedin.com/in/gaurav-malhotra-141,"2+ years in Construction at Cognizant. CE graduate, Class of 2022.",110,True,Pune
Pooja Singh,poojasingh21@gmail.com,SEED_PASSWORD_Alumni@123,alumni,2021,EEE,TCS,Software Engineer,Bhopal,"[""Python"", ""Java""]","[""Renewable Energy""]",False,,,0,8.5,9.0,https://linkedin.com/in/pooja-singh-196,"3+ years in Renewable Energy at TCS. EEE graduate, Class of 2021.",236,True,Bhopal
Arjun Gupta,arjungupta16@gmail.com,SEED_PASSWORD_Alumni@123,alumni,2016,CSE,Jupiter,ML Engineer,Hyderabad,"[""Tableau"", ""SQL"", ""Pandas"", ""TensorFlow""]","[""Data Science""]",False,,,0,6.3,6.6,https://linkedin.com/in/arjun-gupta-302,"8+ years in Data Science at Jupiter. CSE graduate, Class of 2016.",462,True,Hyderabad
Pooja Singh,poojasingh17@gmail.com,SEED_PASSWORD_Alumni@123,alumni,2017,CE,Accenture,Software Engineer,Noida,"[""Java"", ""Python""]","[""Construction""]",False,,,0,6.2,7.1,https://linkedin.com/in/pooja-singh-291,"7+ years in Construction at Accenture. CE graduate, Class of 2017.",140,True,Noida
Sakshi Joshi,sakshijoshi19@gmail.com,SEED_PASSWORD_Alumni@123,alumni,2019,CSE,Accenture,Platform Engineer,Bhopal,"[""Docker"", ""Kubernetes"", ""Jenkins"", ""Terraform"", ""Ansible"", ""Linux""]","[""DevOps""]",False,,,0,5.9,7.3,https://linkedin.com/in/sakshi-joshi-913,"5+ years in DevOps at Accenture. CSE graduate, Class of 2019.",9,True,Bhopal
Meera Saxena,meerasaxena23@gmail.com,SEED_PASSWORD_Alumni@123,alumni,2023,DS,Mphasis,Software Engineer,Chennai,"[""Java"", ""Python""]","[""Business Intelligence""]",True,Working at Mphasis for 1 years now. I remember how confusing placement season was — I'm here to make it less confusing for you.,free,299,7.1,6.6,https://linkedin.com/in/meera-saxena-642,"1+ years in Business Intelligence at Mphasis. DS graduate, Class of 2023.",183,True,Chennai
Karan Gupta,karangupta19@gmail.com,SEED_PASSWORD_Alumni@123,alumni,2019,EEE,TCS,Software Engineer,Jaipur,"[""Java"", ""Python""]","[""Control Systems""]",False,,,0,4.5,8.9,https://linkedin.com/in/karan-gupta-705,"5+ years in Control Systems at TCS. EEE graduate, Class of 2019.",14,True,Jaipur
Komal Chauhan,komalchauhan19@gmail.com,SEED_PASSWORD_Alumni@123,alumni,2019,ECE,Axis Bank,Software Engineer,Bhopal,"[""C++"", ""Arduino"", ""Python"", ""Raspberry Pi"", ""MQTT""]","[""IoT""]",True,From a Tier-2 college to Axis Bank — the journey wasn't easy but it was worth it. I share everything I learned along the way.,free,0,5.8,8.1,https://linkedin.com/in/komal-chauhan-448,"5+ years in IoT at Axis Bank. ECE graduate, Class of 2019.",367,True,Bhopal
Prateek Verma,prateekverma18@gmail.com,SEED_PASSWORD_Alumni@123,alumni,2018,CSE,Wipro,Full Stack Developer,Pune,"[""Java"", ""Docker"", ""Kubernetes"", ""Spring Boot"", ""Python""]","[""Software Development""]",True,"I mentor because the right conversation at the right time changes everything. Currently at Wipro, specialising in Software Development.",paid,199,4.3,8.9,https://linkedin.com/in/prateek-verma-278,"6+ years in Software Development at Wipro. CSE graduate, Class of 2018.",362,True,Pune
Kavya Chauhan,kavyachauhan22@gmail.com,SEED_PASSWORD_Alumni@123,alumni,2022,ECE,Tech Mahindra,VLSI Design Engineer,Jaipur,"[""STA"", ""Verilog"", ""Synopsys"", ""Cadence""]","[""VLSI""]",False,,,0,5.6,9.7,https://linkedin.com/in/kavya-chauhan-326,"2+ years in VLSI at Tech Mahindra. ECE graduate, Class of 2022.",327,True,Jaipur
Ankit Joshi,ankitjoshi17@gmail.com,SEED_PASSWORD_Alumni@123,alumni,2017,CE,Bosch,Software Engineer,Kolkata,"[""Java"", ""Python""]","[""Construction""]",True,Passionate about helping students navigate their early careers. 7+ years at Bosch. Happy to guide on Construction and interview prep.,paid,0,7.5,6.7,https://linkedin.com/in/ankit-joshi-149,"7+ years in Construction at Bosch. CE graduate, Class of 2017.",197,True,Kolkata
Neha Patel,nehapatel23@gmail.com,SEED_PASSWORD_Alumni@123,alumni,2023,AIDS,JP Morgan,Software Engineer,Kochi,"[""NLTK"", ""Transformers"", ""HuggingFace""]","[""NLP""]",True,Passionate about helping students navigate their early careers. 1+ years at JP Morgan. Happy to guide on NLP and interview prep.,free,199,30.2,6.6,https://linkedin.com/in/neha-patel-207,"1+ years in NLP at JP Morgan. AIDS graduate, Class of 2023.",37,True,Kochi
Nandini Pandey,nandinipandey17@gmail.com,SEED_PASSWORD_Alumni@123,alumni,2017,ECE,Tata Motors,Software Engineer,Chennai,"[""MATLAB"", ""LabVIEW"", ""DSP"", ""FPGA"", ""Python""]","[""Signal Processing""]",True,From a Tier-2 college to Tata Motors — the journey wasn't easy but it was worth it. I share everything I learned along the way.,paid,499,4.6,9.7,https://linkedin.com/in/nandini-pandey-371,"7+ years in Signal Processing at Tata Motors. ECE graduate, Class of 2017.",338,True,Chennai
Shruti Mishra,shrutimishra16@gmail.com,SEED_PASSWORD_Alumni@123,alumni,2016,IT,LTIMindtree,Software Engineer,Kochi,"[""Python"", ""Java""]","[""QA""]",True,"Been through the grind from campus to LTIMindtree. Now I want to give back. Let's talk QA, career transitions, and how to stand out in a crowded job market.",free,0,3.4,8.7,https://linkedin.com/in/shruti-mishra-311,"8+ years in QA at LTIMindtree. IT graduate, Class of 2016.",87,True,Kochi
Sneha Saxena,snehasaxena20@gmail.com,SEED_PASSWORD_Alumni@123,alumni,2020,IT,Chargebee,Software Engineer,Delhi,"[""Python"", ""Java""]","[""QA""]",False,,,0,5.9,7.1,https://linkedin.com/in/sneha-saxena-369,"4+ years in QA at Chargebee. IT graduate, Class of 2020.",225,True,Delhi
Ritu Mishra,ritumishra16@gmail.com,SEED_PASSWORD_Alumni@123,alumni,2016,ME,Infosys,Software Engineer,Noida,"[""Six Sigma"", ""PLC Programming"", ""MATLAB"", ""AutoCAD"", ""SolidWorks""]","[""Manufacturing""]",False,,,0,5.1,9.7,https://linkedin.com/in/ritu-mishra-686,"8+ years in Manufacturing at Infosys. ME graduate, Class of 2016.",451,True,Noida
Ankit Tiwari,ankittiwari22@gmail.com,SEED_PASSWORD_Alumni@123,alumni,2022,IT,HDFC Bank,Software Engineer,Pune,"[""Java"", ""REST APIs"", ""React"", ""SQL""]","[""Software Development""]",False,,,0,13.0,6.6,https://linkedin.com/in/ankit-tiwari-180,"2+ years in Software Development at HDFC Bank. IT graduate, Class of 2022.",349,True,Pune
Aarti Joshi,aartijoshi20@gmail.com,SEED_PASSWORD_Alumni@123,alumni,2020,Cyber Security,Infosys,Penetration Tester,Kolkata,"[""OWASP"", ""Metasploit"", ""ISO 27001"", ""Wireshark"", ""SIEM"", ""SOC""]","[""Cybersecurity""]",True,Passionate about helping students navigate their early careers. 4+ years at Infosys. Happy to guide on Cybersecurity and interview prep.,free,0,7.2,8.6,https://linkedin.com/in/aarti-joshi-251,"4+ years in Cybersecurity at Infosys. Cyber Security graduate, Class of 2020.",290,True,Kolkata
Vikram Chauhan,vikramchauhan20@gmail.com,SEED_PASSWORD_Alumni@123,alumni,2020,IT,Leadsquared,Software Engineer,Pune,"[""Java"", ""Python""]","[""QA""]",False,,,0,8.6,7.4,https://linkedin.com/in/vikram-chauhan-733,"4+ years in QA at Leadsquared. IT graduate, Class of 2020.",311,True,Pune
Anjali Pandey,anjalipandey19@gmail.com,SEED_PASSWORD_Alumni@123,alumni,2019,CE,Accenture,Software Engineer,Mumbai,"[""Python"", ""Java""]","[""Structural Engineering""]",True,"Been through the grind from campus to Accenture. Now I want to give back. Let's talk Structural Engineering, career transitions, and how to stand out in a crowded job market.",free,199,8.8,9.3,https://linkedin.com/in/anjali-pandey-861,"5+ years in Structural Engineering at Accenture. CE graduate, Class of 2019.",226,True,Mumbai
Ritu Dubey,ritudubey17@gmail.com,SEED_PASSWORD_Alumni@123,alumni,2017,Cyber Security,Swiggy,Software Engineer,Mumbai,"[""Java"", ""Python""]","[""Cloud Security""]",True,"Been through the grind from campus to Swiggy. Now I want to give back. Let's talk Cloud Security, career transitions, and how to stand out in a crowded job market.",paid,499,6.5,8.8,https://linkedin.com/in/ritu-dubey-129,"7+ years in Cloud Security at Swiggy. Cyber Security graduate, Class of 2017.",88,True,Mumbai
Saurabh Verma,saurabhverma16@gmail.com,SEED_PASSWORD_Alumni@123,alumni,2016,EEE,Bosch,Software Engineer,Hyderabad,"[""Java"", ""Python""]","[""Control Systems""]",False,,,0,10.1,8.7,https://linkedin.com/in/saurabh-verma-481,"8+ years in Control Systems at Bosch. EEE graduate, Class of 2016.",250,True,Hyderabad
Nandini Saxena,nandinisaxena21@gmail.com,SEED_PASSWORD_Alumni@123,alumni,2021,Cyber Security,Tech Mahindra,SOC Analyst,Chennai,"[""Penetration Testing"", ""Metasploit"", ""ISO 27001"", ""SIEM"", ""Wireshark""]","[""Cybersecurity""]",True,Working at Tech Mahindra for 3 years now. I remember how confusing placement season was — I'm here to make it less confusing for you.,paid,299,10.8,8.6,https://linkedin.com/in/nandini-saxena-625,"3+ years in Cybersecurity at Tech Mahindra. Cyber Security graduate, Class of 2021.",10,True,Chennai
Ankit Joshi,ankitjoshi16@gmail.com,SEED_PASSWORD_Alumni@123,alumni,2016,ECE,Mphasis,Software Engineer,Bhopal,"[""LabVIEW"", ""FPGA"", ""Python"", ""DSP"", ""MATLAB""]","[""Signal Processing""]",True,From a Tier-2 college to Mphasis — the journey wasn't easy but it was worth it. I share everything I learned along the way.,free,0,4.5,9.2,https://linkedin.com/in/ankit-joshi-623,"8+ years in Signal Processing at Mphasis. ECE graduate, Class of 2016.",339,True,Bhopal
Shalini Bansal,shalinibansal20@gmail.com,SEED_PASSWORD_Alumni@123,alumni,2020,Cyber Security,Infosys,Software Engineer,Mumbai,"[""Java"", ""Python""]","[""Cloud Security""]",False,,,0,6.3,8.7,https://linkedin.com/in/shalini-bansal-292,"4+ years in Cloud Security at Infosys. Cyber Security graduate, Class of 2020.",76,True,Mumbai
Amit Bansal,amitbansal21@gmail.com,SEED_PASSWORD_Alumni@123,alumni,2021,AIDS,L&T,Software Engineer,Kochi,"[""spaCy"", ""NLTK"", ""Transformers"", ""HuggingFace"", ""Python""]","[""NLP""]",False,,,0,11.8,7.1,https://linkedin.com/in/amit-bansal-802,"3+ years in NLP at L&T. AIDS graduate, Class of 2021.",273,True,Kochi
Meera Tripathi,meeratripathi18@gmail.com,SEED_PASSWORD_Alumni@123,alumni,2018,ME,ICICI Bank,Software Engineer,Pune,"[""CATIA"", ""MATLAB/Simulink"", ""AUTOSAR"", ""CAN Bus""]","[""Automotive""]",False,,,0,8.4,9.6,https://linkedin.com/in/meera-tripathi-770,"6+ years in Automotive at ICICI Bank. ME graduate, Class of 2018.",45,True,Pune
Varun Mishra,varunmishra22@gmail.com,SEED_PASSWORD_Alumni@123,alumni,2022,ME,Leadsquared,Software Engineer,Kochi,"[""Java"", ""Python""]","[""Robotics""]",False,,,0,12.0,8.6,https://linkedin.com/in/varun-mishra-694,"2+ years in Robotics at Leadsquared. ME graduate, Class of 2022.",483,True,Kochi
Ankit Kumar,ankitkumar17@gmail.com,SEED_PASSWORD_Alumni@123,alumni,2017,DS,Darwinbox,Software Engineer,Chennai,"[""Java"", ""Python""]","[""Business Intelligence""]",True,"Been through the grind from campus to Darwinbox. Now I want to give back. Let's talk Business Intelligence, career transitions, and how to stand out in a crowded job market.",free,0,8.5,7.6,https://linkedin.com/in/ankit-kumar-897,"7+ years in Business Intelligence at Darwinbox. DS graduate, Class of 2017.",41,True,Chennai
Tanvi Patel,tanvipatel16@gmail.com,SEED_PASSWORD_Alumni@123,alumni,2016,CE,Salesforce,Software Engineer,Pune,"[""Python"", ""Java""]","[""Construction""]",False,,,0,30.0,8.5,https://linkedin.com/in/tanvi-patel-513,"8+ years in Construction at Salesforce. CE graduate, Class of 2016.",219,True,Pune
Ayesha Sharma,ayeshasharma19@gmail.com,SEED_PASSWORD_Alumni@123,alumni,2019,CSE,L&T,AI Researcher,Delhi,"[""Python"", ""LangChain"", ""Computer Vision"", ""MLflow""]","[""AI/ML""]",False,,,0,8.1,7.5,https://linkedin.com/in/ayesha-sharma-492,"5+ years in AI/ML at L&T. CSE graduate, Class of 2019.",257,True,Delhi
Nandini Singh,nandinisingh20@gmail.com,SEED_PASSWORD_Alumni@123,alumni,2020,CSE,Deutsche Bank,SOC Analyst,Jaipur,"[""Metasploit"", ""SOC"", ""SIEM"", ""Wireshark"", ""OWASP""]","[""Cybersecurity""]",True,"Been through the grind from campus to Deutsche Bank. Now I want to give back. Let's talk Cybersecurity, career transitions, and how to stand out in a crowded job market.",paid,0,7.1,7.8,https://linkedin.com/in/nandini-singh-316,"4+ years in Cybersecurity at Deutsche Bank. CSE graduate, Class of 2020.",375,True,Jaipur
Akash Tripathi,akashtripathi17@gmail.com,SEED_PASSWORD_Alumni@123,alumni,2017,ECE,TCS,Software Engineer,Bangalore,"[""Raspberry Pi"", ""AWS IoT"", ""Python"", ""MQTT"", ""Arduino""]","[""IoT""]",False,,,0,5.3,6.7,https://linkedin.com/in/akash-tripathi-526,"7+ years in IoT at TCS. ECE graduate, Class of 2017.",227,True,Bangalore
Divya Shukla,divyashukla23@gmail.com,SEED_PASSWORD_Alumni@123,alumni,2023,ME,DRDO,Software Engineer,Bhopal,"[""PLC Programming"", ""AutoCAD"", ""MATLAB"", ""SolidWorks"", ""Six Sigma""]","[""Manufacturing""]",False,,,0,10.2,8.9,https://linkedin.com/in/divya-shukla-220,"1+ years in Manufacturing at DRDO. ME graduate, Class of 2023.",144,True,Bhopal
